{"cameraMode":{"drawMode":0,"name":"Shaded","section":"Shading Mode"},"sceneLighting":true,"audioPlay":false,"sceneViewState":{"showFog":true,"showMaterialUpdate":false,"showSkybox":true,"showFlares":true,"showImageEffects":true,"showParticleSystems":true},"in2DMode":false,"pivot":{"x":10.826163291931153,"y":0.713948130607605,"z":2.566756248474121},"rotation":{"x":-0.02900496870279312,"y":0.8440383076667786,"z":-0.04588552564382553,"w":-0.5335285067558289},"size":16.11233901977539,"orthographic":false}