{"cameraMode":{"drawMode":0,"name":"Shaded","section":"Shading Mode"},"sceneLighting":true,"audioPlay":false,"sceneViewState":{"showFog":true,"showMaterialUpdate":false,"showSkybox":true,"showFlares":true,"showImageEffects":true,"showParticleSystems":true},"in2DMode":false,"pivot":{"x":-9.68557357788086,"y":-0.04348338022828102,"z":-2.608625888824463},"rotation":{"x":-0.012865358963608742,"y":0.9869835376739502,"z":-0.10432605445384979,"w":-0.12171308696269989},"size":16.11233901977539,"orthographic":false}